Year,Month,Region,Ankuenfte_Insgesamt,Ankuenfte_Ausland,Uebernachtungen_Insgesamt,Uebernachtungen_Ausland,Aufenthaltsdauer_Insgesamt,Aufenthaltsdauer_Ausland
2009,1,Thüringen,188918,9217,533735,21417,2.8,2.3
2009,2,Thüringen,189308,8610,570535,19296,3.0,2.2
2009,3,Thüringen,218277,12619,585906,27880,2.7,2.2
2009,4,Thüringen,249049,14821,690184,36434,2.8,2.5
2009,5,Thüringen,338123,21260,884863,47119,2.6,2.2
2009,6,Thüringen,330958,24196,850919,52150,2.6,2.2
2009,7,Thüringen,290064,28203,905159,73813,3.1,2.6
2009,8,Thüringen,314033,29475,896254,74859,2.9,2.5
2009,9,Thüringen,328711,24455,864176,56935,2.6,2.3
2009,10,Thüringen,313493,17315,868193,44445,2.8,2.6
2009,11,Thüringen,240240,11404,606882,25094,2.5,2.2
2009,12,Thüringen,233391,10522,629127,24212,2.7,2.3
2010,1,Thüringen,185429,8532,537016,19810,2.9,2.3
2010,2,Thüringen,192709,9086,578098,19210,3.0,2.1
2010,3,Thüringen,222288,12566,600272,28134,2.7,2.2
2010,4,Thüringen,264405,15802,704251,35013,2.7,2.2
2010,5,Thüringen,348826,23964,895774,50644,2.6,2.1
2010,6,Thüringen,335075,25112,855980,52116,2.6,2.1
2010,7,Thüringen,299812,35448,908659,85648,3.0,2.4
2010,8,Thüringen,324675,34015,892906,77011,2.8,2.3
2010,9,Thüringen,349777,26375,888481,54907,2.5,2.1
2010,10,Thüringen,326481,18674,880228,46272,2.7,2.5
2010,11,Thüringen,241209,12581,604771,30620,2.5,2.4
2010,12,Thüringen,226427,11561,599917,27723,2.6,2.4
2011,1,Thüringen,190781,9529,535434,23145,2.8,2.4
2011,2,Thüringen,194174,9765,552390,22256,2.8,2.3
2011,3,Thüringen,220369,12519,585799,28834,2.7,2.3
2011,4,Thüringen,268586,17170,716399,35945,2.7,2.1
2011,5,Thüringen,338259,21390,830351,46026,2.5,2.2
2011,6,Thüringen,356301,24768,914252,53686,2.6,2.2
2011,7,Thüringen,318288,32900,909561,79873,2.9,2.4
2011,8,Thüringen,325533,31951,928164,75818,2.9,2.4
2011,9,Thüringen,352335,24598,884539,54356,2.5,2.2
2011,10,Thüringen,338712,17831,905076,45753,2.7,2.6
2011,11,Thüringen,248340,13562,618857,33629,2.5,2.5
2011,12,Thüringen,236821,11476,621149,30460,2.6,2.7
2012,1,Thüringen,196226,9958,554180,26797,2.8,2.7
2012,2,Thüringen,206279,9742,604859,22399,2.9,2.3
2012,3,Thüringen,242814,14360,629873,33638,2.6,2.3
2012,4,Thüringen,270312,16946,740552,36759,2.7,2.2
2012,5,Thüringen,352702,22159,888099,48577,2.5,2.2
2012,6,Thüringen,344568,24531,880017,57957,2.6,2.4
2012,7,Thüringen,328782,31717,924160,79270,2.8,2.5
2012,8,Thüringen,306587,27704,929336,72467,3.0,2.6
2012,9,Thüringen,357820,23839,909870,56839,2.5,2.4
2012,10,Thüringen,322464,21951,881448,56388,2.7,2.6
2012,11,Thüringen,251187,13405,634932,33971,2.5,2.5
2012,12,Thüringen,237575,12191,638359,31777,2.7,2.6
2013,1,Thüringen,190262,10486,531915,27993,2.8,2.7
2013,2,Thüringen,204592,10742,609760,26755,3.0,2.5
2013,3,Thüringen,243430,13629,660271,31290,2.7,2.3
2013,4,Thüringen,257439,17134,664609,38522,2.6,2.2
2013,5,Thüringen,362745,22616,900550,49331,2.5,2.2
2013,6,Thüringen,331914,22453,833209,51938,2.5,2.3
2013,7,Thüringen,328412,30789,923641,76328,2.8,2.5
2013,8,Thüringen,318374,26682,905581,68723,2.8,2.6
2013,9,Thüringen,354546,23299,875986,50360,2.5,2.2
2013,10,Thüringen,332504,17902,878496,42586,2.6,2.4
2013,11,Thüringen,258843,13241,637675,33494,2.5,2.5
2013,12,Thüringen,242545,13123,622819,32869,2.6,2.5
2014,1,Thüringen,193263,11637,516942,29657,2.7,2.5
2014,2,Thüringen,209228,10749,591639,26587,2.8,2.5
2014,3,Thüringen,239722,14341,627773,36096,2.6,2.5
2014,4,Thüringen,270465,17454,724582,39625,2.7,2.3
2014,5,Thüringen,363096,22125,897811,50560,2.5,2.3
2014,6,Thüringen,347880,24005,863704,50944,2.5,2.1
2014,7,Thüringen,330529,33727,909047,82775,2.8,2.5
2014,8,Thüringen,331191,29663,982029,77945,3.0,2.6
2014,9,Thüringen,352064,23776,884827,52682,2.5,2.2
2014,10,Thüringen,342486,19702,908346,45894,2.7,2.3
2014,11,Thüringen,258095,13869,648795,34405,2.5,2.5
2014,12,Thüringen,250336,13302,645772,31693,2.6,2.4
2015,1,Thüringen,194693,10843,534149,26380,2.7,2.4
2015,2,Thüringen,215154,10173,615279,23112,2.9,2.3
2015,3,Thüringen,246611,14913,640764,34715,2.6,2.3
2015,4,Thüringen,281223,18417,731121,39167,2.6,2.1
2015,5,Thüringen,375165,22731,931387,48063,2.5,2.1
2015,6,Thüringen,356231,25185,877355,57369,2.5,2.3
2015,7,Thüringen,330276,30624,911054,74429,2.8,2.4
2015,8,Thüringen,330146,29648,943883,76195,2.9,2.6
2015,9,Thüringen,354190,23542,897110,55083,2.5,2.3
2015,10,Thüringen,349273,21111,906372,49437,2.6,2.3
2015,11,Thüringen,263336,14697,647421,34857,2.5,2.4
2015,12,Thüringen,253053,13025,644460,32908,2.5,2.5
2016,1,Thüringen,192414,10092,529162,23834,2.8,2.4
2016,2,Thüringen,217755,11687,610893,24811,2.8,2.1
2016,3,Thüringen,256139,14419,681249,31878,2.7,2.2
2016,4,Thüringen,282736,17781,704720,39620,2.5,2.2
2016,5,Thüringen,367815,22900,926851,50257,2.5,2.2
2016,6,Thüringen,350077,24736,863422,54315,2.5,2.2
2016,7,Thüringen,321989,32628,908315,71773,2.8,2.2
2016,8,Thüringen,345057,29905,927567,69157,2.7,2.3
2016,9,Thüringen,371760,24361,905205,53013,2.4,2.2
2016,10,Thüringen,348001,24871,924260,59619,2.7,2.4
2016,11,Thüringen,266044,14946,638829,33497,2.4,2.2
2016,12,Thüringen,258252,13215,639127,29477,2.5,2.2
